case_index,overall_length,n_wings,chord_0,chord_1,chord_2,chord_3,chord_4,chord_5,naca_0,naca_1,naca_2,naca_3,naca_4,naca_5,twist_0,twist_1,twist_2,twist_3,twist_4,twist_5,rpm,rho,n_sections
0,0.05234748203856909,3,0.014283966022474573,0.011422522220200959,0.010153762520933637,0.01030698412698655,0.010414825999015276,0.007713268856017055,6409,2412,2412,6409,6409,0020,26.36458106356094,42.805542087339774,52.46311540010798,48.44190360134667,30.434967717903653,4.723827203993565,3000.0,1.225,6
